bin_index,coverage
0,186
1,114
2,137
3,184
4,139
5,181
6,171
7,180
8,186
9,80
10,148
11,136
12,131
13,148
14,116
15,122
16,133
17,134
18,184
19,150
20,211
21,180
22,163
23,146
24,125
25,168
26,153
27,86
28,152
29,178
30,128
31,113
32,120
33,150
34,178
35,177
36,187
37,190
38,164
39,191
40,166
41,159
42,135
43,142
44,190
45,143
46,142
47,164
48,157
49,122
50,150
51,165
52,130
53,169
54,159
55,193
56,123
57,176
58,138
59,82
60,153
61,162
62,251
63,156
64,168
65,158
66,153
67,118
68,103
69,140
70,151
71,133
72,156
73,130
74,138
75,142
76,130
77,162
78,156
79,168
80,107
81,156
82,109
83,132
84,69
85,139
86,108
87,192
88,204
89,149
90,175
91,184
92,102
93,117
94,149
95,232
96,235
97,154
98,129
99,126
100,101
101,154
102,185
103,185
104,180
105,126
106,111
107,179
108,160
109,159
110,155
111,118
112,139
113,194
114,148
115,114
116,111
117,142
118,146
119,138
120,156
121,121
122,104
123,119
124,124
125,131
126,132
127,136
128,150
129,130
130,111
131,160
132,114
133,173
134,113
135,116
136,141
137,113
138,125
139,110
140,208
141,165
142,111
143,93
144,116
145,133
146,113
147,176
148,106
149,177
150,143
151,188
152,129
153,116
154,112
155,128
156,140
157,142
158,150
159,152
160,166
161,123
162,158
163,122
164,158
165,151
166,125
167,105
168,145
169,140
170,104
171,110
172,105
173,120
174,154
175,161
176,201
177,126
178,128
179,153
180,134
181,192
182,145
183,205
184,166
185,151
186,143
187,174
188,146
189,130
190,143
191,164
192,145
193,154
194,181
195,152
196,124
197,139
198,93
199,177
200,218
201,202
202,161
203,155
204,131
205,130
206,201
207,154
208,147
209,145
210,135
211,96
212,186
213,116
214,144
215,122
216,131
217,133
218,196
219,156
220,203
221,117
222,184
223,170
224,146
225,103
226,202
227,130
228,193
229,201
230,152
231,173
232,171
233,169
234,97
235,126
236,136
237,165
238,113
239,145
240,124
241,150
242,122
243,179
244,125
245,145
246,170
247,176
248,183
249,145
250,132
251,158
252,169
253,161
254,177
255,202
256,176
257,127
258,132
259,125
260,241
261,157
262,124
263,187
264,143
265,197
266,115
267,184
268,152
269,137
270,132
271,162
272,135
273,101
274,168
275,229
276,142
277,118
278,179
279,196
280,140
281,165
282,166
283,152
284,160
285,200
286,102
287,107
288,165
289,150
290,149
291,133
292,103
293,186
294,180
295,119
296,163
297,143
298,137
299,160
300,163
301,162
302,188
303,176
304,152
305,155
306,164
307,109
308,149
309,133
310,181
311,159
312,149
313,156
314,157
315,214
316,159
317,148
318,151
319,160
320,139
321,121
322,152
323,157
324,113
325,134
326,195
327,137
328,139
329,164
330,154
331,137
332,125
333,155
334,112
335,178
336,174
337,134
338,156
339,135
340,209
341,154
342,178
343,138
344,171
345,130
346,192
347,175
348,151
349,165
350,146
351,209
352,132
353,184
354,105
355,165
356,137
357,163
358,172
359,101
360,196
361,101
362,172
363,144
364,156
365,133
366,62
367,105
368,170
369,172
370,208
371,134
372,164
373,128
374,171
375,120
376,136
377,94
378,114
379,138
380,105
381,90
382,106
383,147
384,224
385,157
386,165
387,163
388,192
389,111
390,225
391,143
392,89
393,125
394,117
395,112
396,111
397,198
398,201
399,139
400,171
401,128
402,141
403,165
404,169
405,155
406,87
407,216
408,172
409,119
410,124
411,202
412,110
413,228
414,132
415,148
416,125
417,154
418,204
419,158
420,184
421,151
422,210
423,142
424,165
425,161
426,172
427,141
428,95
429,141
430,160
431,198
432,134
433,180
434,192
435,187
436,198
437,156
438,159
439,91
440,141
441,146
442,119
443,162
444,142
445,180
446,213
447,167
448,185
449,193
450,173
451,174
452,163
453,126
454,200
455,179
456,138
457,140
458,139
459,78
460,204
461,135
462,158
463,130
464,202
465,144
466,162
467,65
468,165
469,136
470,160
471,134
472,139
473,134
474,160
475,145
476,179
477,186
478,156
479,185
480,134
481,187
482,171
483,132
484,182
485,166
486,104
487,158
488,136
489,119
490,125
491,111
492,115
493,174
494,87
495,96
496,147
497,147
498,132
499,159
500,143
501,156
502,130
503,146
504,195
505,124
506,93
507,141
508,166
509,121
510,144
511,167
512,138
513,109
514,170
515,133
516,215
517,196
518,142
519,155
520,161
521,124
522,140
523,123
524,118
525,180
526,141
527,142
528,159
529,162
530,189
531,114
532,137
533,206
534,135
535,182
536,168
537,70
538,209
539,148
540,213
541,166
542,152
543,174
544,193
545,165
546,161
547,150
548,120
549,167
550,139
551,152
552,183
553,87
554,134
555,137
556,123
557,182
558,145
559,135
560,114
561,157
562,164
563,170
564,182
565,183
566,171
567,132
568,143
569,105
570,141
571,143
572,146
573,168
574,130
575,155
576,121
577,150
578,170
579,86
580,171
581,115
582,150
583,166
584,198
585,216
586,133
587,151
588,157
589,98
590,95
591,188
592,166
593,164
594,197
595,196
596,170
597,197
598,121
599,135
600,186
601,158
602,182
603,124
604,110
605,148
606,177
607,156
608,159
609,109
610,156
611,180
612,143
613,142
614,160
615,109
616,156
617,160
618,120
619,168
620,169
621,157
622,170
623,185
624,113
625,119
626,170
627,164
628,144
629,177
630,127
631,166
632,176
633,87
634,131
635,167
636,136
637,155
638,170
639,162
640,173
641,89
642,164
643,133
644,177
645,142
646,139
647,186
648,116
649,128
650,139
651,160
652,109
653,110
654,167
655,163
656,153
657,141
658,167
659,112
660,109
661,163
662,178
663,195
664,137
665,112
666,181
667,122
668,172
669,154
670,150
671,175
672,136
673,133
674,151
675,115
676,129
677,130
678,108
679,140
680,141
681,102
682,142
683,154
684,173
685,94
686,158
687,117
688,165
689,153
690,136
691,162
692,135
693,123
694,151
695,162
696,191
697,124
698,154
699,107
700,209
701,174
702,235
703,209
704,152
705,124
706,100
707,167
708,168
709,212
710,142
711,137
712,170
713,132
714,176
715,141
716,90
717,145
718,151
719,156
720,142
721,187
722,165
723,92
724,193
725,132
726,175
727,160
728,149
729,182
730,136
731,135
732,152
733,152
734,96
735,182
736,122
737,125
738,135
739,164
740,137
741,185
742,127
743,225
744,129
745,143
746,124
747,187
748,119
749,133
750,189
751,147
752,133
753,160
754,93
755,123
756,159
757,151
758,150
759,146
760,179
761,135
762,165
763,93
764,107
765,161
766,171
767,164
768,155
769,129
770,142
771,125
772,203
773,172
774,112
775,136
776,167
777,176
778,153
779,232
780,140
781,160
782,166
783,166
784,114
785,138
786,176
787,150
788,130
789,170
790,108
791,152
792,190
793,166
794,195
795,135
796,119
797,131
798,127
799,188
800,176
801,171
802,190
803,119
804,96
805,80
806,189
807,123
808,132
809,120
810,154
811,93
812,136
813,112
814,137
815,196
816,135
817,113
818,139
819,131
820,80
821,145
822,198
823,100
824,185
825,197
826,146
827,154
828,112
829,148
830,204
831,177
832,160
833,148
834,147
835,180
836,99
837,174
838,106
839,175
840,131
841,144
842,153
843,163
844,141
845,225
846,145
847,213
848,211
849,224
850,144
851,136
852,143
853,170
854,172
855,95
856,115
857,138
858,183
859,114
860,197
861,152
862,187
863,213
864,181
865,174
866,143
867,215
868,95
869,188
870,127
871,110
872,133
873,150
874,112
875,191
876,138
877,128
878,134
879,153
880,96
881,167
882,113
883,205
884,210
885,198
886,146
887,130
888,154
889,187
890,98
891,152
892,120
893,162
894,184
895,143
896,170
897,161
898,116
899,169
900,116
901,129
902,145
903,132
904,151
905,139
906,126
907,133
908,132
909,158
910,178
911,146
912,119
913,167
914,183
915,167
916,139
917,130
918,186
919,181
920,178
921,173
922,150
923,151
924,174
925,145
926,209
927,119
928,147
929,183
930,139
931,155
932,162
933,166
934,149
935,137
936,130
937,119
938,149
939,180
940,136
941,128
942,166
943,112
944,122
945,202
946,184
947,153
948,110
949,124
950,109
951,130
952,180
953,128
954,142
955,162
956,121
957,154
958,161
959,104
960,112
961,152
962,186
963,165
964,198
965,123
966,118
967,175
968,133
969,148
970,130
971,159
972,131
973,149
974,147
975,158
976,190
977,160
978,196
979,86
980,101
981,78
982,137
983,136
984,165
985,123
986,153
987,62
988,177
989,189
990,111
991,156
992,144
993,139
994,124
995,137
996,117
997,148
998,175
999,138
1000,111
1001,113
1002,163
1003,100
1004,162
1005,108
1006,180
1007,114
1008,180
1009,187
1010,155
1011,155
1012,116
1013,132
1014,104
1015,172
1016,109
1017,120
1018,145
1019,178
1020,220
1021,145
1022,207
1023,103
1024,162
1025,106
1026,182
1027,214
1028,148
1029,140
1030,147
1031,156
1032,120
1033,164
1034,141
1035,123
1036,183
1037,134
1038,109
1039,160
1040,157
1041,144
1042,168
1043,131
1044,147
1045,64
1046,136
1047,152
1048,136
1049,186
1050,95
1051,127
1052,144
1053,179
1054,237
1055,139
1056,143
1057,178
1058,175
1059,119
1060,166
1061,160
1062,163
1063,104
1064,170
1065,120
1066,170
1067,135
1068,118
1069,133
1070,129
1071,219
1072,160
1073,169
1074,150
1075,123
1076,139
1077,114
1078,141
1079,193
1080,172
1081,162
1082,130
1083,131
1084,155
1085,104
1086,105
1087,165
1088,173
1089,157
1090,143
1091,91
1092,143
1093,142
1094,163
1095,177
1096,142
1097,223
1098,132
1099,211
1100,82
1101,116
1102,67
1103,118
1104,125
1105,124
1106,140
1107,104
1108,198
1109,184
1110,244
1111,181
1112,144
1113,177
1114,172
1115,141
1116,122
1117,151
1118,149
1119,133
1120,126
1121,181
1122,163
1123,155
1124,163
1125,139
1126,106
1127,191
1128,150
1129,121
1130,153
1131,157
1132,151
1133,142
1134,114
1135,110
1136,172
1137,141
1138,172
1139,145
1140,159
1141,116
1142,103
1143,180
1144,200
1145,167
1146,88
1147,171
1148,137
1149,88
1150,143
1151,164
1152,174
1153,199
1154,166
1155,142
1156,114
1157,125
1158,187
1159,156
1160,139
1161,126
1162,206
1163,130
1164,152
1165,89
1166,68
1167,129
1168,161
1169,143
1170,145
1171,141
1172,122
1173,83
1174,163
1175,129
1176,155
1177,150
1178,150
1179,174
1180,128
1181,138
1182,171
1183,122
1184,117
1185,160
1186,98
1187,164
1188,182
1189,142
1190,172
1191,169
1192,153
1193,216
1194,122
1195,135
1196,132
1197,93
1198,198
1199,129
1200,191
1201,117
1202,172
1203,140
1204,118
1205,180
1206,163
1207,190
1208,189
1209,219
1210,135
1211,119
1212,175
1213,164
1214,210
1215,123
1216,150
1217,150
1218,216
1219,142
1220,187
1221,142
1222,168
1223,157
1224,150
1225,132
1226,178
1227,195
1228,226
1229,127
1230,151
1231,113
1232,118
1233,161
1234,155
1235,149
1236,89
1237,148
1238,164
1239,160
1240,213
1241,144
1242,177
1243,140
1244,183
1245,146
1246,134
1247,186
1248,103
1249,173
1250,162
1251,137
1252,131
1253,172
1254,114
1255,125
1256,135
1257,152
1258,136
1259,183
1260,148
1261,164
1262,158
1263,234
1264,139
1265,127
1266,158
1267,158
1268,94
1269,110
1270,152
1271,156
1272,186
1273,90
1274,149
1275,164
1276,143
1277,181
1278,175
1279,124
1280,163
1281,162
1282,198
1283,163
1284,144
1285,156
1286,76
1287,150
1288,171
1289,137
1290,161
1291,124
1292,124
1293,130
1294,120
1295,118
1296,133
1297,166
1298,106
1299,160
1300,140
1301,137
1302,130
1303,153
1304,118
1305,175
1306,141
1307,176
1308,119
1309,170
1310,145
1311,129
1312,170
1313,168
1314,182
1315,148
1316,145
1317,134
1318,126
1319,139
1320,133
1321,164
1322,108
1323,172
1324,210
1325,200
1326,126
1327,174
1328,174
1329,156
1330,117
1331,164
1332,118
1333,142
1334,142
1335,209
1336,169
1337,152
1338,162
1339,158
1340,155
1341,160
1342,183
1343,197
1344,121
1345,166
1346,147
1347,154
1348,176
1349,126
1350,197
1351,189
1352,194
1353,140
1354,125
1355,172
1356,124
1357,177
1358,106
1359,125
1360,126
1361,175
1362,127
1363,215
1364,163
1365,135
1366,145
1367,119
1368,207
1369,140
1370,132
1371,117
1372,130
1373,181
1374,171
1375,160
1376,169
1377,168
1378,134
1379,115
1380,127
1381,139
1382,144
1383,189
1384,142
1385,209
1386,91
1387,167
1388,176
1389,167
1390,146
1391,89
1392,149
1393,162
1394,126
1395,153
1396,159
1397,186
1398,127
1399,177
1400,136
1401,122
1402,169
1403,179
1404,104
1405,131
1406,116
1407,176
1408,156
1409,141
1410,126
1411,161
1412,194
1413,185
1414,176
1415,134
1416,131
1417,145
1418,154
1419,192
1420,180
1421,162
1422,155
1423,130
1424,171
1425,180
1426,157
1427,106
1428,199
1429,121
1430,186
1431,176
1432,176
1433,116
1434,189
1435,164
1436,139
1437,181
1438,168
1439,181
1440,153
1441,119
1442,155
1443,143
1444,217
1445,106
1446,170
1447,121
1448,192
1449,145
1450,172
1451,193
1452,191
1453,117
1454,78
1455,238
1456,152
1457,108
1458,165
1459,180
1460,163
1461,153
1462,150
1463,176
1464,80
1465,146
1466,158
1467,164
1468,180
1469,188
1470,125
1471,176
1472,148
1473,159
1474,176
1475,171
1476,165
1477,131
1478,180
1479,183
1480,173
1481,139
1482,155
1483,162
1484,172
1485,152
1486,154
1487,223
1488,143
1489,128
1490,169
1491,167
1492,115
1493,118
1494,173
1495,166
1496,118
1497,118
1498,200
1499,179
1500,179
1501,161
1502,198
1503,122
1504,176
1505,182
1506,132
1507,198
1508,140
1509,198
1510,191
1511,141
1512,155
1513,134
1514,145
1515,110
1516,153
1517,160
1518,170
1519,114
1520,145
1521,134
1522,116
1523,125
1524,170
1525,136
1526,122
1527,127
1528,149
1529,116
1530,116
1531,177
1532,161
1533,164
1534,138
1535,169
1536,153
1537,126
1538,141
1539,173
1540,173
1541,177
1542,124
1543,213
1544,170
1545,95
1546,129
1547,142
1548,200
1549,111
1550,101
1551,202
1552,75
1553,185
1554,139
1555,131
1556,115
1557,136
1558,170
1559,187
1560,157
1561,143
1562,133
1563,166
1564,174
1565,134
1566,150
1567,170
1568,136
1569,175
1570,181
1571,165
1572,194
1573,138
1574,149
1575,117
1576,208
1577,181
1578,172
1579,170
1580,135
1581,120
1582,89
1583,154
1584,163
1585,126
1586,143
1587,165
1588,180
1589,159
1590,142
1591,128
1592,198
1593,199
1594,167
1595,184
1596,139
1597,134
1598,155
1599,134
1600,190
1601,176
1602,150
1603,185
1604,143
1605,139
1606,148
1607,176
1608,183
1609,166
1610,96
1611,193
1612,147
1613,154
1614,127
1615,160
1616,171
1617,152
1618,126
1619,141
1620,163
1621,108
1622,165
1623,118
1624,168
1625,146
1626,130
1627,102
1628,155
1629,170
1630,149
1631,134
1632,141
1633,134
1634,152
1635,114
1636,175
1637,171
1638,100
1639,132
1640,125
1641,123
1642,125
1643,186
1644,143
1645,132
1646,127
1647,109
1648,137
1649,131
1650,101
1651,121
1652,134
1653,170
1654,104
1655,142
1656,159
1657,140
1658,188
1659,148
1660,181
1661,139
1662,140
1663,206
1664,140
1665,205
1666,161
1667,125
1668,159
1669,116
1670,143
1671,124
1672,152
1673,173
1674,156
1675,118
1676,151
1677,105
1678,131
1679,156
1680,172
1681,153
1682,146
1683,167
1684,165
1685,132
1686,166
1687,147
1688,147
1689,193
1690,132
1691,167
1692,150
1693,113
1694,164
1695,206
1696,103
1697,150
1698,106
1699,184
1700,179
1701,156
1702,110
1703,143
1704,102
1705,165
1706,152
1707,152
1708,150
1709,184
1710,100
1711,136
1712,128
1713,154
1714,165
1715,114
1716,155
1717,146
1718,169
1719,125
1720,169
1721,198
1722,164
1723,165
1724,128
1725,144
1726,107
1727,157
1728,189
1729,210
1730,140
1731,168
1732,173
1733,125
1734,62
1735,192
1736,144
1737,126
1738,67
1739,142
1740,95
1741,179
1742,181
1743,142
1744,105
1745,170
1746,206
1747,145
1748,139
1749,142
1750,140
1751,136
1752,198
1753,117
1754,173
1755,137
1756,167
1757,136
1758,144
1759,170
1760,113
1761,128
1762,144
1763,142
1764,161
1765,99
1766,144
1767,150
1768,161
1769,181
1770,158
1771,220
1772,137
1773,152
1774,146
1775,143
1776,162
1777,171
1778,157
1779,101
1780,154
1781,107
1782,112
1783,90
1784,131
1785,127
1786,136
1787,104
1788,154
1789,142
1790,126
1791,195
1792,90
1793,141
1794,99
1795,112
1796,167
1797,128
1798,125
1799,150
1800,178
1801,157
1802,149
1803,114
1804,232
1805,177
1806,140
1807,143
1808,122
1809,164
1810,160
1811,113
1812,162
1813,164
1814,168
1815,214
1816,155
1817,147
1818,133
1819,152
1820,147
1821,136
1822,118
1823,232
1824,171
1825,211
1826,200
1827,182
1828,143
1829,135
1830,175
1831,142
1832,127
1833,172
1834,171
1835,138
1836,127
1837,160
1838,109
1839,156
1840,140
1841,144
1842,138
1843,135
1844,130
1845,148
1846,152
1847,141
1848,134
1849,143
1850,112
1851,162
1852,146
1853,76
1854,131
1855,134
1856,169
1857,151
1858,229
1859,202
1860,160
1861,167
1862,172
1863,160
1864,143
1865,162
1866,152
1867,180
1868,101
1869,216
1870,183
1871,149
1872,149
1873,158
1874,151
1875,122
1876,118
1877,175
1878,118
1879,131
1880,132
1881,147
1882,138
1883,119
1884,198
1885,177
1886,245
1887,158
1888,136
1889,159
1890,135
1891,138
1892,138
1893,112
1894,137
1895,125
1896,140
1897,146
1898,137
1899,119
1900,109
1901,114
1902,162
1903,132
1904,137
1905,149
1906,102
1907,173
1908,164
1909,200
1910,151
1911,183
1912,172
1913,159
1914,133
1915,131
1916,91
1917,234
1918,145
1919,115
1920,185
1921,130
1922,165
1923,169
1924,151
1925,166
1926,112
1927,183
1928,200
1929,126
1930,133
1931,113
1932,199
1933,138
1934,194
1935,145
1936,148
1937,151
1938,162
1939,144
1940,138
1941,113
1942,138
1943,129
1944,146
1945,142
1946,166
1947,148
1948,112
1949,152
1950,145
1951,148
1952,146
1953,52
1954,145
1955,144
1956,177
1957,183
1958,177
1959,152
1960,158
1961,166
1962,195
1963,150
1964,131
1965,184
1966,91
1967,121
1968,137
1969,122
1970,199
1971,155
1972,167
1973,132
1974,122
1975,114
1976,171
1977,128
1978,165
1979,140
1980,103
1981,166
1982,122
1983,172
1984,144
1985,104
1986,136
1987,137
1988,119
1989,192
1990,112
1991,168
1992,207
1993,148
1994,116
1995,167
1996,90
1997,116
1998,132
1999,170
2000,141
2001,132
2002,120
2003,141
2004,150
2005,199
2006,122
2007,132
2008,154
2009,139
2010,97
2011,114
2012,114
2013,106
2014,98
2015,141
2016,187
2017,164
2018,143
2019,106
2020,120
2021,125
2022,118
2023,193
2024,139
2025,137
2026,135
2027,133
2028,124
2029,150
2030,112
2031,182
2032,99
2033,135
2034,148
2035,155
2036,112
2037,162
2038,170
2039,144
2040,155
2041,157
2042,154
2043,201
2044,168
2045,124
2046,158
2047,144
2048,101
2049,131
2050,171
2051,98
2052,207
2053,149
2054,182
2055,144
2056,160
2057,176
2058,149
2059,203
2060,160
2061,193
2062,207
2063,103
2064,125
2065,153
2066,164
2067,147
2068,164
2069,159
2070,158
2071,118
2072,153
2073,145
2074,181
2075,177
2076,84
2077,133
2078,145
2079,156
2080,181
2081,195
2082,137
2083,74
2084,144
2085,153
2086,143
2087,169
2088,110
2089,199
2090,168
2091,139
2092,126
2093,202
2094,152
2095,164
2096,201
2097,127
2098,125
2099,167
2100,130
2101,142
2102,164
2103,147
2104,131
2105,140
2106,184
2107,190
2108,178
2109,128
2110,124
2111,137
2112,168
2113,105
2114,117
2115,159
2116,118
2117,182
2118,154
2119,179
2120,142
2121,105
2122,134
2123,205
2124,127
2125,140
2126,170
2127,134
2128,127
2129,194
2130,147
2131,76
2132,157
2133,168
2134,117
2135,152
2136,100
2137,146
2138,182
2139,118
2140,165
2141,144
2142,124
2143,125
2144,152
2145,97
2146,215
2147,193
2148,104
2149,174
2150,174
2151,62
2152,172
2153,173
2154,62
2155,94
2156,165
2157,171
2158,103
2159,86
2160,191
2161,170
2162,141
2163,91
2164,58
2165,150
2166,131
2167,151
2168,154
2169,131
2170,145
2171,123
2172,177
2173,150
2174,109
2175,159
2176,175
2177,116
2178,198
2179,134
2180,142
2181,181
2182,93
2183,106
2184,143
2185,159
2186,101
2187,95
2188,98
2189,117
2190,141
2191,161
2192,147
2193,197
2194,164
2195,136
2196,185
2197,126
2198,136
2199,162
2200,212
2201,150
2202,153
2203,142
2204,109
2205,149
2206,126
2207,190
2208,125
2209,157
2210,156
2211,143
2212,172
2213,172
2214,158
2215,128
2216,141
2217,194
2218,153
2219,120
2220,100
2221,135
2222,125
2223,172
2224,87
2225,129
2226,140
2227,97
2228,127
2229,171
2230,147
2231,135
2232,157
2233,135
2234,120
2235,141
2236,129
2237,197
2238,133
2239,125
2240,142
2241,189
2242,173
2243,162
2244,134
2245,119
2246,139
2247,144
2248,112
2249,170
2250,187
2251,180
2252,139
2253,117
2254,159
2255,191
2256,194
2257,68
2258,119
2259,153
2260,158
2261,158
2262,174
2263,143
2264,157
2265,132
2266,143
2267,183
2268,162
2269,117
2270,137
2271,151
2272,126
2273,211
2274,169
2275,140
2276,134
2277,180
2278,168
2279,216
2280,216
2281,156
2282,161
2283,150
2284,168
2285,199
2286,171
2287,143
2288,127
2289,171
2290,133
2291,88
2292,178
2293,150
2294,162
2295,115
2296,156
2297,134
2298,128
2299,142
2300,211
2301,127
2302,168
2303,123
2304,114
2305,112
2306,163
2307,137
2308,172
2309,182
2310,169
2311,198
2312,89
2313,100
2314,131
2315,114
2316,186
2317,146
2318,151
2319,128
2320,172
2321,130
2322,133
2323,77
2324,141
2325,122
2326,122
2327,120
2328,148
2329,144
2330,132
2331,130
2332,98
2333,165
2334,172
2335,128
2336,174
2337,164
2338,180
2339,180
2340,195
2341,129
2342,196
2343,120
2344,147
2345,139
2346,163
2347,180
2348,143
2349,229
2350,208
2351,153
2352,143
2353,115
2354,122
2355,150
2356,148
2357,115
2358,132
2359,157
2360,160
2361,190
2362,145
2363,126
2364,126
2365,154
2366,126
2367,185
2368,198
2369,209
2370,150
2371,155
2372,161
2373,197
2374,112
2375,129
2376,183
2377,108
2378,191
2379,106
2380,123
2381,163
2382,148
2383,144
2384,123
2385,151
2386,137
2387,94
2388,92
2389,160
2390,147
2391,166
2392,155
2393,120
2394,92
2395,147
2396,114
2397,142
2398,58
2399,166
2400,125
2401,116
2402,145
2403,173
2404,189
2405,239
2406,153
2407,166
2408,148
2409,151
2410,98
2411,162
2412,140
2413,149
2414,149
2415,192
2416,189
2417,161
2418,117
2419,135
2420,140
2421,98
2422,192
2423,146
2424,162
2425,89
2426,149
2427,151
2428,148
2429,193
2430,103
2431,120
2432,102
2433,125
2434,155
2435,120
2436,165
2437,162
2438,148
2439,187
2440,93
2441,127
2442,175
2443,173
2444,194
2445,157
2446,157
2447,151
2448,132
2449,76
2450,123
2451,127
2452,72
2453,123
2454,114
2455,159
2456,91
2457,179
2458,120
2459,105
2460,188
2461,100
2462,168
2463,150
2464,176
2465,180
2466,140
2467,155
2468,126
2469,187
2470,142
2471,141
2472,156
2473,99
2474,114
2475,106
2476,219
2477,148
2478,207
2479,157
2480,83
2481,144
2482,85
2483,114
2484,158
2485,117
2486,98
2487,146
2488,170
2489,89
2490,144
2491,162
2492,114
2493,135
2494,162
2495,119
2496,153
2497,167
2498,122
2499,195
2500,238
2501,170
2502,178
2503,157
2504,111
2505,134
2506,188
2507,172
2508,153
2509,151
2510,138
2511,142
2512,134
2513,154
2514,135
2515,171
2516,143
2517,161
2518,141
2519,197
2520,187
2521,190
2522,146
2523,129
2524,131
2525,161
2526,167
2527,81
2528,123
2529,151
2530,141
2531,146
2532,182
2533,146
2534,167
2535,211
2536,150
2537,158
2538,144
2539,199
2540,136
2541,215
2542,132
2543,109
2544,137
2545,132
2546,140
2547,145
2548,172
2549,192
2550,178
2551,155
2552,214
2553,127
2554,105
2555,164
2556,180
2557,168
2558,158
2559,202
2560,158
2561,144
2562,154
2563,118
2564,227
2565,158
2566,201
2567,177
2568,132
2569,181
2570,154
2571,195
2572,177
2573,183
2574,158
2575,190
2576,183
2577,154
2578,144
2579,127
2580,147
2581,175
2582,199
2583,182
2584,173
2585,171
2586,153
2587,181
2588,159
2589,149
2590,102
2591,194
2592,131
2593,106
2594,132
2595,138
2596,136
2597,157
2598,150
2599,132
2600,179
2601,261
2602,146
2603,167
2604,132
2605,111
2606,134
2607,126
2608,105
2609,110
2610,152
2611,185
2612,132
2613,159
2614,183
2615,139
2616,123
2617,213
2618,176
2619,107
2620,172
2621,163
2622,136
2623,67
2624,177
2625,155
2626,160
2627,118
2628,136
2629,100
2630,150
2631,133
2632,162
2633,149
2634,194
2635,184
2636,178
2637,163
2638,150
2639,108
2640,153
2641,100
2642,114
2643,159
2644,159
2645,143
2646,150
2647,210
2648,114
2649,220
2650,149
2651,178
2652,125
2653,126
2654,133
2655,104
2656,169
2657,151
2658,171
2659,131
2660,117
2661,157
2662,193
2663,211
2664,117
2665,170
2666,192
2667,173
2668,180
2669,215
2670,190
2671,133
2672,146
2673,148
2674,173
2675,118
2676,135
2677,177
2678,153
2679,150
2680,139
2681,158
2682,147
2683,172
2684,134
2685,116
2686,118
2687,164
2688,141
2689,147
2690,157
2691,162
2692,136
2693,121
2694,151
2695,111
2696,115
2697,163
2698,183
2699,135
2700,150
2701,118
2702,118
2703,153
2704,131
2705,129
2706,167
2707,166
2708,163
2709,103
2710,124
2711,191
2712,94
2713,129
2714,220
2715,125
2716,174
2717,196
2718,153
2719,123
2720,173
2721,164
2722,205
2723,150
2724,149
2725,177
2726,173
2727,123
2728,124
2729,116
2730,165
2731,132
2732,136
2733,126
2734,147
2735,121
2736,175
2737,104
2738,113
2739,119
2740,115
2741,157
2742,81
2743,147
2744,182
2745,153
2746,138
2747,144
2748,119
2749,184
2750,189
2751,149
2752,188
2753,86
2754,182
2755,126
2756,119
2757,222
2758,130
2759,136
2760,113
2761,198
2762,173
2763,169
2764,155
2765,134
2766,142
2767,163
2768,117
2769,104
2770,165
2771,133
2772,133
2773,113
2774,189
2775,180
2776,129
2777,179
2778,126
2779,152
2780,122
2781,131
2782,128
2783,134
2784,123
2785,166
2786,132
2787,146
2788,177
2789,88
2790,119
2791,161
2792,117
2793,94
2794,102
2795,174
2796,138
2797,118
2798,125
2799,158
2800,92
2801,148
2802,143
2803,166
2804,159
2805,124
2806,122
2807,162
2808,194
2809,136
2810,143
2811,164
2812,114
2813,154
2814,172
2815,107
2816,108
2817,180
2818,147
2819,138
2820,148
2821,129
2822,131
2823,121
2824,157
2825,208
2826,125
2827,151
2828,142
2829,176
2830,176
2831,131
2832,155
2833,139
2834,169
2835,154
2836,164
2837,183
2838,144
2839,139
2840,185
2841,144
2842,133
2843,118
2844,78
2845,154
2846,178
2847,202
2848,144
2849,204
2850,144
2851,136
2852,155
2853,156
2854,154
2855,113
2856,208
2857,181
2858,170
2859,101
2860,166
2861,196
2862,140
2863,155
2864,103
2865,129
2866,129
2867,61
2868,144
2869,151
2870,151
2871,114
2872,122
2873,160
2874,155
2875,137
2876,164
2877,176
2878,117
2879,113
2880,163
2881,140
2882,144
2883,153
2884,177
2885,122
2886,208
2887,178
2888,153
2889,154
2890,196
2891,187
2892,224
2893,132
2894,162
2895,112
2896,201
2897,160
2898,169
2899,174
2900,121
2901,181
2902,193
2903,159
2904,169
2905,176
2906,133
2907,132
2908,112
2909,89
2910,106
2911,100
2912,120
2913,173
2914,105
2915,145
2916,180
2917,124
2918,125
2919,167
2920,173
2921,182
2922,162
2923,191
2924,148
2925,145
2926,150
2927,150
2928,160
2929,172
2930,162
2931,167
2932,111
2933,164
2934,132
2935,101
2936,168
2937,192
2938,122
2939,171
2940,121
2941,99
2942,87
2943,140
2944,156
2945,179
2946,129
2947,103
2948,119
2949,136
2950,174
2951,115
2952,165
2953,223
2954,141
2955,170
2956,139
2957,143
2958,166
2959,136
2960,181
2961,171
2962,152
2963,156
2964,102
2965,211
2966,161
2967,159
2968,167
2969,158
2970,179
2971,125
2972,155
2973,211
2974,189
2975,206
2976,146
2977,168
2978,110
2979,113
2980,171
2981,168
2982,189
2983,141
2984,164
2985,171
2986,135
2987,145
2988,188
2989,139
2990,153
2991,157
2992,186
2993,212
2994,187
2995,171
2996,204
2997,130
2998,156
2999,155
3000,146
3001,125
3002,144
3003,194
3004,165
3005,211
3006,143
3007,188
3008,149
3009,206
3010,141
3011,166
3012,116
3013,102
3014,150
3015,115
3016,137
3017,129
3018,107
3019,146
3020,112
3021,157
3022,174
3023,147
3024,171
3025,74
3026,102
3027,155
3028,171
3029,120
3030,218
3031,150
3032,201
3033,147
3034,108
3035,148
3036,163
3037,131
3038,176
3039,167
3040,153
3041,139
3042,152
3043,115
3044,160
3045,188
3046,204
3047,180
3048,147
3049,140
3050,146
3051,83
3052,119
3053,150
3054,138
3055,187
3056,140
3057,144
3058,145
3059,173
3060,172
3061,184
3062,185
3063,167
3064,229
3065,205
3066,131
3067,158
3068,122
3069,118
3070,167
3071,201
3072,140
3073,152
3074,125
3075,123
3076,114
3077,193
3078,161
3079,167
3080,122
3081,124
3082,115
3083,106
3084,153
3085,146
3086,152
3087,214
3088,115
3089,162
3090,138
3091,138
3092,149
3093,178
3094,188
3095,158
3096,177
3097,162
3098,190
3099,156
3100,216
3101,149
3102,136
3103,114
3104,157
3105,186
3106,112
3107,166
3108,168
3109,177
3110,157
3111,150
3112,151
3113,109
3114,120
3115,189
3116,166
3117,68
3118,168
3119,126
3120,188
3121,166
3122,160
3123,192
3124,157
3125,174
3126,184
3127,186
3128,162
3129,178
3130,166
3131,104
3132,145
3133,200
3134,182
3135,180
3136,163
3137,119
3138,141
3139,165
3140,147
3141,168
3142,141
3143,178
3144,159
3145,125
3146,163
3147,145
3148,133
3149,149
3150,127
3151,157
3152,125
3153,104
3154,141
3155,182
3156,129
3157,202
3158,171
3159,201
3160,183
3161,101
3162,131
3163,177
3164,146
3165,141
3166,167
3167,135
3168,122
3169,133
3170,130
3171,166
3172,159
3173,131
3174,138
3175,158
3176,175
3177,142
3178,163
3179,162
3180,154
3181,169
3182,123
3183,184
3184,205
3185,111
3186,149
3187,118
3188,143
3189,149
3190,174
3191,153
3192,94
3193,159
3194,152
3195,140
3196,151
3197,142
3198,86
3199,153
3200,135
3201,152
3202,102
3203,145
3204,151
3205,136
3206,174
3207,192
3208,158
3209,134
3210,196
3211,102
3212,143
3213,138
3214,156
3215,114
3216,159
3217,100
3218,184
3219,94
3220,162
3221,170
3222,157
3223,160
3224,181
3225,119
3226,132
3227,168
3228,166
3229,190
3230,174
3231,152
3232,162
3233,159
3234,102
3235,163
3236,148
3237,126
3238,166
3239,175
3240,136
3241,113
3242,153
3243,129
3244,92
3245,155
3246,205
3247,186
3248,203
3249,150
3250,150
3251,150
3252,157
3253,164
3254,155
3255,139
3256,162
3257,113
3258,130
3259,111
3260,100
3261,137
3262,106
3263,140
3264,146
3265,152
3266,184
3267,158
3268,152
3269,171
3270,126
3271,154
3272,139
3273,155
3274,124
3275,124
3276,112
3277,116
3278,195
3279,184
3280,118
3281,113
3282,159
3283,156
3284,173
3285,103
3286,199
3287,136
3288,185
3289,158
3290,132
3291,143
3292,82
3293,141
3294,148
3295,152
3296,96
3297,129
3298,157
3299,164
3300,164
3301,166
3302,121
3303,140
3304,169
3305,137
3306,193
3307,161
3308,139
3309,156
3310,140
3311,144
3312,135
3313,108
3314,174
3315,167
3316,180
3317,206
3318,143
3319,122
3320,131
3321,135
3322,159
3323,142
3324,132
3325,151
3326,155
3327,191
3328,119
3329,121
3330,86
3331,150
3332,152
3333,181
3334,129
3335,133
3336,214
3337,119
3338,197
3339,145
3340,135
3341,143
3342,154
3343,161
3344,89
3345,136
3346,138
3347,169
3348,122
3349,180
3350,185
3351,92
3352,170
3353,146
3354,144
3355,136
3356,168
3357,171
3358,121
3359,210
3360,156
3361,149
3362,133
3363,145
3364,135
3365,146
3366,151
3367,184
3368,145
3369,116
3370,130
3371,153
3372,155
3373,131
3374,119
3375,177
3376,129
3377,134
3378,221
3379,142
3380,154
3381,150
3382,179
3383,164
3384,152
3385,143
3386,143
3387,99
3388,132
3389,139
3390,196
3391,119
3392,218
3393,172
3394,161
3395,160
3396,120
3397,125
3398,151
3399,134
3400,170
3401,98
3402,153
3403,119
3404,115
3405,155
3406,156
3407,97
3408,122
3409,141
3410,90
3411,170
3412,178
3413,152
3414,178
3415,124
3416,118
3417,133
3418,163
3419,134
3420,124
3421,154
3422,191
3423,148
3424,110
3425,165
3426,93
3427,144
3428,140
3429,125
3430,159
3431,153
3432,129
3433,117
3434,130
3435,128
3436,184
3437,165
3438,130
3439,114
3440,142
3441,92
3442,160
3443,137
3444,150
3445,144
3446,189
3447,158
3448,75
3449,129
3450,162
3451,154
3452,165
3453,112
3454,158
3455,133
3456,218
3457,163
3458,112
3459,161
3460,113
3461,107
3462,213
3463,118
3464,160
3465,132
3466,154
3467,129
3468,136
3469,171
3470,153
3471,123
3472,84
3473,112
3474,151
3475,163
3476,135
3477,106
3478,108
3479,131
3480,149
3481,194
3482,206
3483,124
3484,151
3485,159
3486,110
3487,123
3488,117
3489,222
3490,172
3491,98
3492,165
3493,127
3494,187
3495,181
3496,153
3497,201
3498,149
3499,167
3500,206
3501,157
3502,206
3503,140
3504,108
3505,179
3506,155
3507,158
3508,149
3509,168
3510,147
3511,93
3512,175
3513,142
3514,121
3515,118
3516,140
3517,118
3518,177
3519,188
3520,146
3521,123
3522,148
3523,145
3524,119
3525,131
3526,112
3527,138
3528,175
3529,116
3530,110
3531,185
3532,191
3533,150
3534,175
3535,164
3536,110
3537,165
3538,148
3539,139
3540,185
3541,157
3542,135
3543,129
3544,178
3545,131
3546,180
3547,126
3548,134
3549,181
3550,192
3551,195
3552,178
3553,153
3554,123
3555,141
3556,117
3557,220
3558,143
3559,131
3560,152
3561,188
3562,114
3563,113
3564,133
3565,181
3566,194
3567,133
3568,129
3569,141
3570,121
3571,140
3572,175
3573,175
3574,128
3575,202
3576,213
3577,141
3578,125
3579,165
3580,136
3581,126
3582,148
3583,168
3584,155
3585,117
3586,135
3587,134
3588,191
3589,101
3590,144
3591,155
3592,140
3593,186
3594,170
3595,148
3596,141
3597,139
3598,98
3599,154
3600,127
3601,157
3602,165
3603,157
3604,203
3605,97
3606,206
3607,166
3608,188
3609,115
3610,143
3611,119
3612,200
3613,192
3614,106
3615,144
3616,180
3617,109
3618,162
3619,170
3620,124
3621,141
3622,185
3623,170
3624,173
3625,115
3626,154
3627,168
3628,146
3629,82
3630,148
3631,184
3632,155
3633,145
3634,146
3635,156
3636,144
3637,136
3638,165
3639,129
3640,124
3641,150
3642,120
3643,141
3644,151
3645,181
3646,168
3647,168
3648,117
3649,166
3650,120
3651,172
3652,226
3653,155
3654,103
3655,134
3656,169
3657,112
3658,161
3659,168
3660,112
3661,103
3662,188
3663,127
3664,140
3665,190
3666,113
3667,142
3668,157
3669,99
3670,137
3671,157
3672,168
3673,132
3674,166
3675,152
3676,127
3677,164
3678,159
3679,143
3680,135
3681,112
3682,146
3683,136
3684,120
3685,141
3686,164
3687,174
3688,182
3689,141
3690,86
3691,161
3692,186
3693,155
3694,161
3695,142
3696,169
3697,143
3698,169
3699,150
3700,137
3701,184
3702,157
3703,193
3704,130
3705,148
3706,156
3707,145
3708,168
3709,109
3710,148
3711,100
3712,110
3713,174
3714,144
3715,143
3716,167
3717,125
3718,163
3719,165
3720,178
3721,167
3722,190
3723,171
3724,161
3725,126
3726,159
3727,132
3728,151
3729,159
3730,178
3731,137
3732,184
3733,169
3734,103
3735,151
3736,110
3737,171
3738,157
3739,166
3740,147
3741,154
3742,155
3743,148
3744,75
3745,112
3746,150
3747,126
3748,161
3749,133
3750,140
3751,132
3752,134
3753,122
3754,100
3755,193
3756,214
3757,129
3758,115
3759,149
3760,130
3761,156
3762,169
3763,199
3764,108
3765,159
3766,158
3767,130
3768,179
3769,114
3770,148
3771,139
3772,159
3773,153
3774,188
3775,99
3776,165
3777,119
3778,163
3779,128
3780,107
3781,192
3782,105
3783,214
3784,146
3785,160
3786,191
3787,183
3788,165
3789,196
3790,187
3791,191
3792,167
3793,135
3794,128
3795,166
3796,149
3797,167
3798,171
3799,169
3800,136
3801,111
3802,166
3803,142
3804,149
3805,163
3806,137
3807,160
3808,140
3809,118
3810,157
3811,125
3812,108
3813,142
3814,189
3815,133
3816,115
3817,103
3818,123
3819,111
3820,150
3821,134
3822,138
3823,189
3824,168
3825,185
3826,181
3827,197
3828,206
3829,154
3830,154
3831,133
3832,135
3833,162
3834,167
3835,168
3836,121
3837,138
3838,176
3839,137
3840,150
3841,114
3842,197
3843,112
3844,117
3845,153
3846,140
3847,106
3848,117
3849,143
3850,168
3851,137
3852,209
3853,168
3854,121
3855,99
3856,184
3857,122
3858,199
3859,156
3860,218
3861,138
3862,142
3863,89
3864,150
3865,105
3866,154
3867,171
3868,195
3869,152
3870,134
3871,84
3872,136
3873,146
3874,220
3875,131
3876,134
3877,157
3878,80
3879,148
3880,115
3881,164
3882,161
3883,105
3884,122
3885,120
3886,152
3887,136
3888,141
3889,176
3890,173
3891,125
3892,161
3893,160
3894,130
3895,189
3896,173
3897,154
3898,78
3899,147
3900,169
3901,120
3902,117
3903,150
3904,145
3905,193
3906,161
3907,150
3908,155
3909,89
3910,145
3911,121
3912,146
3913,116
3914,155
3915,123
3916,216
3917,150
3918,140
3919,139
3920,84
3921,156
3922,154
3923,167
3924,104
3925,197
3926,199
3927,177
3928,142
3929,180
3930,156
3931,146
3932,155
3933,153
3934,152
3935,140
3936,175
3937,170
3938,99
3939,126
3940,145
3941,97
3942,127
3943,175
3944,168
3945,142
3946,119
3947,149
3948,126
3949,131
3950,177
3951,173
3952,113
3953,107
3954,169
3955,167
3956,190
3957,210
3958,117
3959,124
3960,155
3961,170
3962,136
3963,193
3964,122
3965,152
3966,165
3967,154
3968,132
3969,178
3970,191
3971,123
3972,130
3973,146
3974,181
3975,118
3976,208
3977,175
3978,182
3979,154
3980,158
3981,209
3982,163
3983,76
3984,120
3985,146
3986,135
3987,145
3988,207
3989,144
3990,213
3991,194
3992,114
3993,188
3994,130
3995,167
3996,144
3997,111
3998,125
3999,121
